bound,f_X,f_w,n,q,log2_q,magnitude_bound,h,m,lam,eps_c,native
worst_case,6,0,100,42598411,25.344,21299200,0.289,76,3003,0.001599,True
data_dependent,6,0,100,2396981,21.193,1198488,0.3457,71,2628,0.001912,True
worst_case,6,4,100,681574423,29.344,340787200,0.2496,80,3321,0.001381,True
data_dependent,6,4,100,38351639,25.193,19175808,0.2908,76,3003,0.001608,True
worst_case,6,8,100,10905190409,33.344,5452595200,0.2197,82,3486,0.001215,False
data_dependent,6,8,100,613625861,29.193,306812928,0.2509,80,3321,0.001388,True
worst_case,8,0,100,681574423,29.344,340787200,0.3178,73,2775,0.001381,True
data_dependent,8,0,100,38356037,25.193,19178015,0.3702,68,2415,0.001608,True
worst_case,8,4,100,10905190409,33.344,5452595200,0.2797,77,3081,0.001215,False
data_dependent,8,4,100,613696493,29.193,306848240,0.3195,73,2775,0.001388,True
worst_case,8,8,100,174483046429,37.344,87241523200,0.2497,80,3321,0.001085,False
data_dependent,8,8,100,9819143707,33.193,4909571840,0.281,77,3081,0.001221,False
worst_case,10,0,100,10905190409,33.344,5452595200,0.3397,71,2628,0.001215,False
data_dependent,10,0,100,613252267,29.192,306626131,0.388,67,2346,0.001388,True
worst_case,10,4,100,174483046429,37.344,87241523200,0.3033,74,2850,0.001085,False
data_dependent,10,4,100,9812036219,33.192,4906018096,0.3412,71,2628,0.001221,False
worst_case,10,8,100,2791728742423,41.344,1395864371200,0.2739,77,3081,0.00098,False
data_dependent,10,8,100,156992579087,37.192,78496289536,0.3045,74,2850,0.001089,False
worst_case,12,0,100,174483046429,37.344,87241523200,0.3568,69,2485,0.001085,False
data_dependent,12,0,100,9812068963,33.192,4906034467,0.4015,65,2211,0.001221,False
worst_case,12,4,100,2791728742423,41.344,1395864371200,0.3223,73,2775,0.00098,False
data_dependent,12,4,100,156993102971,37.192,78496551472,0.3583,69,2485,0.001089,False
worst_case,12,8,100,44667659878409,45.344,22333829939200,0.2939,75,2926,0.000894,False
data_dependent,12,8,100,2511889647121,41.192,1255944823552,0.3235,72,2701,0.000984,False
